{
  "config": {
    "H": 4096,
    "FF": 11008,
    "n_heads": 32,
    "n_layers": 32,
    "dtype": "torch.bfloat16",
    "warmup": 5,
    "iters": 30,
    "cudagraph": true
  },
  "results": [
    {
      "total_bs": 2048,
      "M": 1024,
      "ms_serial_mean": 278.4666290283203,
      "ms_fused_mean": 192.21207071940105,
      "serial_std": 0.8282242966939091,
      "fused_std": 1.8452756123948477,
      "times_serial": [
        276.28033447265625,
        278.6427001953125,
        278.47271728515625,
        277.170166015625,
        277.7733154296875,
        279.80389404296875,
        278.9744567871094,
        278.0467224121094,
        278.05902099609375,
        277.8685302734375,
        279.1178283691406,
        278.0733337402344,
        278.3416442871094,
        277.92999267578125,
        279.31341552734375,
        277.8685302734375,
        279.2017822265625,
        278.086669921875,
        278.79425048828125,
        277.8716125488281,
        279.8018493652344,
        278.3508605957031,
        277.9043884277344,
        280.0322570800781,
        278.6846618652344,
        278.0364685058594,
        279.0543212890625,
        279.8172302246094,
        278.4829406738281,
        278.1429748535156
      ],
      "times_fused": [
        189.16249084472656,
        189.08058166503906,
        192.11776733398438,
        192.28160095214844,
        193.9384307861328,
        193.52883911132812,
        189.1973114013672,
        190.91046142578125,
        193.16429138183594,
        193.3096923828125,
        194.65318298339844,
        190.8633575439453,
        191.17056274414062,
        192.6297607421875,
        193.3271026611328,
        194.51699829101562,
        192.18739318847656,
        191.20230102539062,
        192.1730499267578,
        194.6757049560547,
        194.4258575439453,
        193.26156616210938,
        191.75833129882812,
        192.0501708984375,
        193.6056365966797,
        195.557373046875,
        192.56422424316406,
        189.3632049560547,
        189.3447723388672,
        190.34010314941406
      ],
      "save_pct": 30.97482761575251
    },
    {
      "total_bs": 4096,
      "M": 2048,
      "ms_serial_mean": 759.0249471028645,
      "ms_fused_mean": 403.5220479329427,
      "serial_std": 2.2147559816846014,
      "fused_std": 2.5294476400895487,
      "times_serial": [
        755.6055297851562,
        755.6137084960938,
        756.6243896484375,
        755.3310546875,
        757.201904296875,
        755.8400268554688,
        757.4630126953125,
        756.7257690429688,
        757.3473510742188,
        758.4102172851562,
        757.7681884765625,
        757.6156005859375,
        758.7430419921875,
        758.5392456054688,
        758.908935546875,
        758.8505859375,
        759.4608764648438,
        759.9851684570312,
        759.8028564453125,
        760.5360717773438,
        759.4803466796875,
        761.4453735351562,
        761.1719970703125,
        761.5405883789062,
        760.9528198242188,
        760.71728515625,
        763.1134643554688,
        761.3921508789062,
        762.5051879882812,
        762.0556640625
      ],
      "times_fused": [
        400.10955810546875,
        404.1236572265625,
        400.3276672363281,
        402.1985168457031,
        408.04864501953125,
        400.3000183105469,
        406.2105712890625,
        404.1850891113281,
        398.6698303222656,
        404.1062316894531,
        401.41107177734375,
        406.0190734863281,
        404.8087158203125,
        399.75115966796875,
        406.37030029296875,
        401.1980895996094,
        402.2077331542969,
        406.96832275390625,
        401.0915832519531,
        407.06866455078125,
        404.5844421386719,
        401.1427917480469,
        406.265869140625,
        403.5973205566406,
        405.2746276855469,
        404.48101806640625,
        401.5882263183594,
        404.7329406738281,
        403.43756103515625,
        405.38214111328125
      ],
      "save_pct": 46.83678718688324
    },
    {
      "total_bs": 6144,
      "M": 3072,
      "ms_serial_mean": 1530.255147298177,
      "ms_fused_mean": 637.5686442057291,
      "serial_std": 1.2733779419118263,
      "fused_std": 6.439190056792298,
      "times_serial": [
        1528.375244140625,
        1530.06689453125,
        1527.003173828125,
        1531.5384521484375,
        1530.1099853515625,
        1530.82373046875,
        1530.5164794921875,
        1529.7269287109375,
        1529.956298828125,
        1529.1842041015625,
        1533.7000732421875,
        1529.0614013671875,
        1529.4371337890625,
        1531.682861328125,
        1530.4068603515625,
        1531.28759765625,
        1530.2840576171875,
        1530.7427978515625,
        1531.326416015625,
        1530.2379150390625,
        1529.385986328125,
        1531.54248046875,
        1531.1175537109375,
        1531.864013671875,
        1530.8841552734375,
        1529.1484375,
        1528.9354248046875,
        1530.2308349609375,
        1528.94970703125,
        1530.1273193359375
      ],
      "times_fused": [
        628.063232421875,
        635.378662109375,
        640.1556396484375,
        627.1815795898438,
        645.2500610351562,
        638.5244140625,
        633.7669067382812,
        645.8091430664062,
        646.7706909179688,
        645.0554809570312,
        636.13134765625,
        636.4344482421875,
        645.0421752929688,
        629.5776977539062,
        643.6341552734375,
        629.3114624023438,
        635.7063598632812,
        635.0950317382812,
        643.9782104492188,
        628.0857543945312,
        629.6248168945312,
        643.9515991210938,
        628.8527221679688,
        645.1548461914062,
        646.1388549804688,
        633.3419799804688,
        640.64306640625,
        637.6406860351562,
        636.6033935546875,
        636.1549072265625
      ],
      "save_pct": 58.33579482928568
    },
    {
      "total_bs": 8192,
      "M": 4096,
      "ms_serial_mean": 2444.8869384765626,
      "ms_fused_mean": 845.3219360351562,
      "serial_std": 2.7777942849848065,
      "fused_std": 1.3218056190024068,
      "times_serial": [
        2450.9501953125,
        2447.390625,
        2448.543701171875,
        2450.304931640625,
        2446.003173828125,
        2446.401611328125,
        2445.045654296875,
        2448.584716796875,
        2444.15478515625,
        2446.384033203125,
        2447.404052734375,
        2444.74462890625,
        2446.402587890625,
        2444.462158203125,
        2445.687744140625,
        2445.350830078125,
        2445.01708984375,
        2444.440673828125,
        2445.14111328125,
        2442.412109375,
        2444.092529296875,
        2443.270263671875,
        2442.787841796875,
        2443.22509765625,
        2443.05517578125,
        2440.75,
        2438.843505859375,
        2442.786865234375,
        2439.62255859375,
        2443.347900390625
      ],
      "times_fused": [
        845.528076171875,
        840.1879272460938,
        847.6692504882812,
        845.7840576171875,
        844.6925048828125,
        846.8275146484375,
        845.7769165039062,
        846.0830688476562,
        844.5101928710938,
        845.3294067382812,
        844.8040771484375,
        845.7984008789062,
        844.9412841796875,
        843.936767578125,
        845.1881103515625,
        847.3845825195312,
        845.0447387695312,
        845.5249633789062,
        845.31201171875,
        845.96533203125,
        846.09228515625,
        846.3749389648438,
        845.1420288085938,
        845.4318237304688,
        846.6964721679688,
        845.31201171875,
        844.969970703125,
        845.2423706054688,
        844.263427734375,
        843.8435668945312
      ],
      "save_pct": 65.4249068645323
    }
  ]
}